Censusname,GEOID,CityState,RealtorsName,DOM_2003,DOM_2004,DOM_2005,DOM_2006,DOM_2007,DOM_2008,DOM_2009,DOM_2010,DOM_2011,DOM_2012,DOM_2013,DOM_2014,DOM_2015,DOM_2016,DOM_2017
Orono,16000US2748580,"Orono, MN",Orono,0,0,0,110.5,133.5,162,219,200.5,195,133.5,105,86,119,77,67
Annandale,16000US2701684,"Annandale, MN",Annandale,100,0,0,76,125,159,165,97.5,136,152,72.5,60,89.5,50,49
Minnetrista,16000US2743306,"Minnetrista, MN",Minnetrista,0,0,0,113,194,154.5,229,140.5,239,124,92.5,93.5,87.5,76,60.5
Wayzata,16000US2768818,"Wayzata, MN",Wayzata,0,0,0,103.5,90,157.5,161,146,132,131,82,83,79.5,98.5,69
Medina,16000US2741480,"Medina, MN",Medina,0,0,0,51,95,237,207,162,222,139.5,101,31.5,72.5,50,102
New Richmond,16000US5557100,"New Richmond, WI",New Richmond,325,29,49,111.5,168,165,162,133,120.5,134,89,74,70,75.5,70
Jordan,16000US2732174,"Jordan, MN",Jordan,0,0,8,111,120,162.5,192,105,98,70,52,63,68,43,36
North Oaks,16000US2747104,"North Oaks, MN",North Oaks,0,0,0,86.5,69,125,245,181,233.5,162.5,90,105,67,126,57
Mahtomedi,16000US2739428,"Mahtomedi, MN",Mahtomedi,0,0,0,47,135,149,123,74,79.5,102.5,51.5,46,63,40,35
River Falls,16000US5568275,"River Falls, WI",River Falls,42,53,76,71,110,129,136,135,141,114,90.5,75,63,73,58.5
Mound,16000US2744476,"Mound, MN",Mound,0,0,0,100,157,161,164,112.5,133.5,118,57,63.5,63,58.5,31
Shorewood,16000US2760016,"Shorewood, MN",Shorewood,0,0,0,94,139.5,208,168,75.5,161,119,62,57.5,63,79,56.5
Princeton,16000US2752522,"Princeton, MN",Princeton,0,0,0,160,149.5,132,109,111,78,86,66.5,60,63,43.5,35.5
Hudson,16000US5536250,"Hudson, WI",Hudson,61,63,67.5,87,134,133.5,137,136,154.5,113,73,79,60,59,53
Lindstrom,16000US2737304,"Lindstrom, MN",Lindstrom,0,0,0,126.5,143,234.5,199.5,180,149,165,84,73.5,57,57,34.5
Dayton,16000US2715022,"Dayton, MN",Dayton,0,0,0,49,169,147,52.5,79.5,177,72.5,103,44.5,56,43,19.5
Forest Lake,16000US2721770,"Forest Lake, MN",Forest Lake,0,48,0,107.5,129,132,116,102,103.5,78,59,57,56,48,35
Lake Elmo,16000US2734244,"Lake Elmo, MN",Lake Elmo,0,0,0,118,146,138.5,110,149,110,142,51,73,56,36,46.5
Edina,16000US2718188,"Edina, MN",Edina,66,21,5.5,91,92.5,92,97,102,95,77.5,41,40,55.5,46.5,39
Little Canada,16000US2737502,"Little Canada, MN",Little Canada,0,0,0,87,135,128,93.5,100,128,78.5,45,35,55,45,28.5
Stillwater,16000US2762824,"Stillwater, MN",Stillwater,27,80,0,112,134,100,124.5,105,146.5,100,63,53,55,47.5,39
Somerset,16000US5574675,"Somerset, WI",Somerset,54.5,87,0,137.5,158,126,103.5,130,168,100,86.5,62,54,66,52
Ham Lake,16000US2726738,"Ham Lake, MN",Ham Lake,152,130.5,0,111,141.5,155,143,124,126,68,59,72,53,35,41
Prior Lake,16000US2752594,"Prior Lake, MN",Prior Lake,0,0,0,77,118,146.5,132,101,100.5,77,48,51,51.5,39.5,28.5
Carver,16000US2710144,"Carver, MN",Carver,0,0,0,74,112.5,121.5,119,150,98.5,79,58,61,50.5,28,28
Oak Grove,16000US2747690,"Oak Grove, MN",Oak Grove,0,8.5,0,128,158,222,174,103,102.5,64,55,56,50,32,35.5
Eden Prairie,16000US2718116,"Eden Prairie, MN",Eden Prairie,0,29,26,80,86,103,107,102,107.5,67,37,41,50,38,30
Mendota Heights,16000US2741678,"Mendota, MN",Mendota Heights,0,0,0,61.5,79,109,129,129.5,100,75,41.5,46.5,49.5,46,32
Becker,16000US2704618,"Becker, MN",Becker,0,1,0,121,171,124,107,97,81,77,66.5,67,49,46,32
Waconia,16000US2767432,"Waconia, MN",Waconia,0,0,64.5,71,83,92.5,89,103,121,72,48.5,48,48,35,27
Cambridge,16000US2709370,"Cambridge, MN",Cambridge,76,0,27,103,167,139,136.5,76,102,47,44,43,48,38,33
Zimmerman,16000US2772238,"Zimmerman, MN",Zimmerman,36,0,109,139,146,152,100,90,91,58,49,51,48,38,34
Victoria,16000US2767036,"Victoria, MN",Victoria,0,0,0,45,111,97,131,113,94.5,93,60,63,47.5,51,42
Golden Valley,16000US2724308,"Golden Valley, MN",Golden Valley,16,37,0,84,89.5,98.5,104,84.5,123,71,38,41,47,36,28
Maplewood,16000US2740382,"Maplewood, MN",Maplewood,49,45,12,76.5,114.5,139,97,90,122,70,42,46,47,38,27
Buffalo,16000US2708452,"Buffalo, MN",Buffalo,0,0,0,102,139,106.5,71,96,87,64,41,48,47,29.5,32
Hastings,16000US2727530,"Hastings, MN",Hastings,19.5,43,68,53,86.5,119,97.5,89.5,99,59,46,44,47,38,27
Rogers,16000US2755186,"Rogers, MN",Rogers,0,84,0,97.5,146.5,165,137.5,115.5,86.5,85,36,48.5,46,28,31.5
Minnetonka,16000US2743270,"Minnetonka Beach, MN",Minnetonka,0,0,0,91.5,98,107.5,107,92,111,62,38,40,46,38,28
Elko New Market,16000US2718662,"Elko New Market, MN",Elko New Market,0,0,0,20,101,85,52,157,90,61,57,56,46,47,35
St. Michael,16000US2757346,"St. Michael, MN",Saint Michael,0,0,0,74.5,136,156,110.5,71,102,62,42.5,48.5,45,33.5,29
Montrose,16000US2743810,"Montrose, MN",Montrose,0,0,0,91.5,105,163,75.5,80,90,65,58.5,52,45,32,26
Vadnais Heights,16000US2766460,"Vadnais Heights, MN",Vadnais Heights,69,32,0,63.5,104,111,93,91,98,74.5,47,40,44,33,25.5
Chanhassen,16000US2710918,"Chanhassen, MN",Chanhassen,40,0,48,67,87,96.5,113,94,86,68,47,43.5,44,36,25
Robbinsdale,16000US2754808,"Robbinsdale, MN",Robbinsdale,0,0,69,83.5,82,118,89,82,133,62.5,44,51,43,32,22.5
Inver Grove Heights,16000US2731076,"Inver Grove Heights, MN",Inver Grove Heights,0,0,21.5,83,115,145.5,127,87.5,82,65,40.5,49,43,28,22
South St. Paul,16000US2761492,"South St. Paul, MN",South Saint Paul,0,0,0,55,91,94,77,64,81.5,64.5,43,42,43,26,25
Chaska,16000US2710972,"Chaska, MN",Chaska,1,23.5,36,85,121.5,112.5,92,109,103.5,71,54,48,43,30,26
Savage,16000US2758738,"Savage, MN",Savage,0,0,0,86,97.5,129,123,88,96,51,40,50,42,32,26
Monticello,16000US2743774,"Monticello, MN",Monticello,0,0,0,62.5,112,111,102,66,79,64,45,48,42,26,20.5
St. Paul,16000US2758018,"St. Paul Park, MN",Saint Paul,1,0,24,78,94,104,74,65,87,62,49,53,42,32,25
St. Francis,16000US2756950,"St. Francis, MN",Saint Francis,0,78,82,96,123,149,128,87.5,87,59,53,48,41.5,33,31
Belle Plaine,16000US2704834,"Belle Plaine, MN",Belle Plaine,0,50.5,0,75.5,143,143.5,137,76,83,61,49.5,56,41.5,49,32
East Bethel,16000US2717486,"East Bethel, MN",East Bethel,0,290,0,106,126.5,143,120.5,93,113,97,62,67,41.5,39,37
New Brighton,16000US2745430,"New Brighton, MN",New Brighton,0,54,127,59.5,92.5,120,99,96.5,95,47,42,43,41,30,21
Ramsey,16000US2753026,"Ramsey, MN",Ramsey,0,24.5,6,86.5,112,139,93,84,98,69,41,40,41,31,26
Hugo,16000US2730392,"Hugo, MN",Hugo,0,0,31.5,0,89,100,117,118,112.5,51,42,42,41,34,28
Rosemount,16000US2755726,"Rosemount, MN",Rosemount,0,0,7,62,105,120,89,85,108,64,38,40,41,30,26
North Branch,16000US2746798,"North Branch, MN",North Branch,0,0,33,102,165,147,106,82,72,56,57,52.5,41,28.5,32
Lakeville,16000US2735180,"Lakeville, MN",Lakeville,22.5,54,13,78,92,101,93,78,96,56,46,44,40.5,31,31
Crystal,16000US2714158,"Crystal, MN",Crystal,32,0,25.5,70,85,112,66,74.5,101,54,41,42.5,40,24,22
Shoreview,16000US2759998,"Shoreview, MN",Shoreview,0,0,106,69,79,95.5,102,84.5,95,60.5,34.5,38.5,40,28,23
Elk River,16000US2718674,"Elk River, MN",Elk River,82,53.5,21,94,162,149.5,101,77,106,66,47,49,40,29,30.5
Maple Grove,16000US2740166,"Maple Grove, MN",Maple Grove,30,28,45,65.5,84,109.5,89.5,87,112,56,38,46,40,33,25
Plymouth,16000US2751730,"Plymouth, MN",Plymouth,62.5,0,0,82.5,91,107,97,84,89.5,63,39,39,40,36,29
Chisago City,16000US2711350,"Chisago City, MN",Chisago,,,11,105,150.5,107.5,162.5,148,131.5,103,63,51,40,34.5,46
Columbia Heights,16000US2712700,"Columbia Heights, MN",Columbia Heights,0,0,6,78,85,135,89,63,114,65,44,47,39.5,29,19
Woodbury,16000US2771428,"Woodbury, MN",Woodbury,0,15,0,64,97.5,112,100,87,87,51,36,35,39.5,31,28
Big Lake,16000US2705752,"Big Lake, MN",Big Lake,0,0,18.5,91,110,132,80,66.5,98.5,50,45,46.5,39,27,26
Farmington,16000US2720618,"Farmington, MN",Farmington,0,0,0,82,118.5,113,101,81,96.5,53,41,41,39,30,27
Albertville,16000US2700730,"Albertville, MN",Albertville,0,0,89,94,96.5,120.5,91,98,85,50,47,42,38,28,26
Cottage Grove,16000US2713456,"Cottage Grove, MN",Cottage Grove,0,0,0,76,82,104,79,76,84,47,32,41,38,29,22
St. Louis Park,16000US2757220,"St. Louis Park, MN",Saint Louis Park,0,0,31,63,64,80,71,84,95,54,30,41,38,25,18
Roseville,16000US2755852,"Roseville, MN",Roseville,36,0,28,83.5,65,97,70,94.5,100,56,37,42,38,32,25
Wyoming,16000US2772022,"Wyoming, MN",Wyoming,0,0,0,104.5,110.5,154,85.5,73,99.5,62,59,51,38,38,29
West St. Paul,16000US2769700,"West St. Paul, MN",West Saint Paul,0,0,0,63,86.5,115,71,90.5,106,73,47,55.5,38,32,24
Hopkins,16000US2730140,"Hopkins, MN",Hopkins,0,0,0,91,91,89,102,87,101.5,65,41,34,38,27,20
Circle Pines,16000US2711494,"Circle Pines, MN",Circle Pines,0,0,0,107,94,94.5,88,72.5,109.5,67.5,36.5,36.5,37,26,19.5
Isanti,16000US2731328,"Isanti, MN",Isanti,32,58,48,116.5,146,129.5,105.5,67,66.5,51.5,48,37.5,37,28,40
Mounds View,16000US2744530,"Mounds View, MN",Mounds View,0,0,0,88.5,85,90.5,88.5,62,70,54,44.5,41,36.5,27,20.5
Andover,16000US2701486,"Andover, MN",Andover,11,0,75.5,80,110,131,119,105,117,69,39,71,36.5,30,30
Fridley,16000US2722814,"Fridley, MN",Fridley,0,24,0,61,89.5,127,95,83.5,109,59.5,40.5,50.5,36,26.5,22
Apple Valley,16000US2701900,"Apple Valley, MN",Apple Valley,17,30,33.5,91.5,90,108,88,79.5,94,55,40,42,36,28,20
Shakopee,16000US2759350,"Shakopee, MN",Shakopee,8,0,0,77,101,111,102,74,91,54,37,41.5,36,34,25
Lino Lakes,16000US2737322,"Lino Lakes, MN",Lino Lakes,365,0,0,67.5,108,117,125,119,109,75.5,42,42,36,28,32
Minneapolis,16000US2743000,"Minneapolis, MN",Minneapolis,54,0,0,66,86.5,101,62,67,95,62,40,42,35,26,20
Burnsville,16000US2708794,"Burnsville, MN",Burnsville,17.5,15.5,0,92,99.5,109.5,98,93,97,55,42,48,35,35,25
Champlin,16000US2710846,"Champlin, MN",Champlin,0,78,0,73.5,86,117,77,87,107,62,36,40.5,34.5,25.5,25
Brooklyn Park,16000US2707966,"Brooklyn Park, MN",Brooklyn Park,27,0,19,81,112,141,90,67,88,55,43.5,40,34.5,29,26
Brooklyn Center,16000US2707948,"Brooklyn Center, MN",Brooklyn Center,0,63,0,94,122,152,99,56,89,51,48,43,34,29,21
New Hope,16000US2745628,"New Hope, MN",New Hope,0,0,2,51,82,99,87,79,86,66.5,43,42,34,27,21.5
Bloomington,16000US2706616,"Bloomington, MN",Bloomington,45,0,42,71,77,93,77,91,102,60,37,37,34,27,20
North St. Paul,16000US2747221,"North St. Paul, MN",North Saint Paul,0,0,0,63,69,121,97,77,91,55,49.5,52,34,28.5,20
Oakdale,16000US2747680,"Oakdale, MN",Oakdale,0,0,0,84,90,124,92,86.5,89,47,43,40.5,34,28,24
White Bear Lake,16000US2769970,"White Bear Lake, MN",White Bear Lake,0,0,45,63,93.5,115,95,79,114.5,54,45,41,34,24,22
Coon Rapids,16000US2713114,"Coon Rapids, MN",Coon Rapids,0,91,24.5,75,96.5,112,91,73,104,50,35,41,33,26,22
Blaine,16000US2706382,"Blaine, MN",Blaine,30.5,0,0,62.5,91,111,89,89,93,53,37,37.5,33,29,26
Anoka,16000US2701720,"Anoka, MN",Anoka,0,0,66,78.5,82.5,149,82.5,52.5,98.5,70,51,37.5,32,29,26
Eagan,16000US2717288,"Eagan, MN",Eagan,0,0,27,85.5,84.5,101,79,83,90,54,38.5,34,30,27,21
Otsego,16000US2749138,"Otsego, MN",Otsego,77,0,0,39,91,117,94,50,91.5,45,41,35.5,30,24,21
St. Anthony,16000US2756680,"St. Anthony, MN",Saint Anthony,0,0,0,77.5,77.5,87,87,75.5,77,62,29.5,25,29,40.5,20
Richfield,16000US2754214,"Richfield, MN",Richfield,0,0,0,64.5,68,101,62,63,88,47,37.5,35,28,20,18
Delano,16000US2715454,"Delano, MN",Delano,0,0,0,17.5,126,203,116,118.5,111.5,92,48,44,27.5,45,40
