districtType,districtNumber,MoveInDistName,moveInSchName,2010minnout_outStudentCount,2011 enrollment,2012 enrollment,2013 enrollment,2014 Enrollment,2015studentCount,Growth rate,Full address
01,0011,ANOKA-HENNEPIN PUBLIC SCHOOL DIST.,CROSSROADS ALTN HIGH SCHOOL,,,,,,2,#VALUE!,
01,0011,ANOKA-HENNEPIN PUBLIC SCHOOL DIST.,NORTHDALE MIDDLE,,,,,,1,#VALUE!,
01,0011,ANOKA-HENNEPIN PUBLIC SCHOOL DIST.,OXBOW CREEK ELEMENTARY,,,,,,2,#VALUE!,
01,0011,ANOKA-HENNEPIN PUBLIC SCHOOL DIST.,RIVER TRAIL LEARNING CTR @ LO JACOB,,,,,,1,#VALUE!,
01,0011,ANOKA-HENNEPIN PUBLIC SCHOOL DIST.,ROOSEVELT MIDDLE,,,,,,1,#VALUE!,
01,0011,ANOKA-HENNEPIN PUBLIC SCHOOL DIST.,UNIVERSITY ELEMENTARY,,,,,,1,#VALUE!,
01,0014,FRIDLEY PUBLIC SCHOOL DISTRICT,FRIDLEY MIDDLE AREA LEARNING CENTER,,,,,,1,#VALUE!,
01,0014,FRIDLEY PUBLIC SCHOOL DISTRICT,TRANSITIONS SCHOOL,,,,,,1,#VALUE!,
01,0194,LAKEVILLE PUBLIC SCHOOL DISTRICT,HUDDLESTON ELEMENTARY,,,,,,1,#VALUE!,
01,0196,ROSEMOUNT-APPLE VALLEY-EAGAN,DAKOTA RIDGE SCHOOL,,,,,,1,#VALUE!,
01,0196,ROSEMOUNT-APPLE VALLEY-EAGAN,ECHO PARK ELEMENTARY,,,,,,2,#VALUE!,
01,0196,ROSEMOUNT-APPLE VALLEY-EAGAN,GLACIER HILLS ELEMENTARY,,,,,,3,#VALUE!,
01,0196,ROSEMOUNT-APPLE VALLEY-EAGAN,GREENLEAF ELEMENTARY,,,,,,1,#VALUE!,
01,0196,ROSEMOUNT-APPLE VALLEY-EAGAN,OAK RIDGE ELEMENTARY,,,,,,1,#VALUE!,
01,0196,ROSEMOUNT-APPLE VALLEY-EAGAN,ROSEMOUNT AREA LEARNING CENTER,,,,,,1,#VALUE!,
01,0196,ROSEMOUNT-APPLE VALLEY-EAGAN,SHANNON PARK ELEMENTARY,,,,,,1,#VALUE!,
01,0270,HOPKINS PUBLIC SCHOOL DISTRICT,TRANSITION PLUS,,,,,,1,#VALUE!,
01,0271,BLOOMINGTON PUBLIC SCHOOL DISTRICT,BLOOMINGTON TRANSITION CENTER,,,,,,1,#VALUE!,
01,0279,OSSEO PUBLIC SCHOOL DISTRICT,BASSWOOD ELEMENTARY,,,,,,1,#VALUE!,
01,0279,OSSEO PUBLIC SCHOOL DISTRICT,CEDAR ISLAND ELEMENTARY,,,,,,2,#VALUE!,
01,0281,ROBBINSDALE PUBLIC SCHOOL DISTRICT,ADULT ACADEMICS,,,,,,1,#VALUE!,
01,0283,ST. LOUIS PARK PUBLIC SCHOOL DIST.,SPECIAL ED.,,,,,,1,#VALUE!,
01,0284,WAYZATA PUBLIC SCHOOL DISTRICT,EAST MIDDLE ALTERNATIVE (EMAP),,,,,,3,#VALUE!,
01,0284,WAYZATA PUBLIC SCHOOL DISTRICT,IS THE ALTERNATIVE PROGRAM (TAP),,,,,,1,#VALUE!,
01,0286,BROOKLYN CENTER SCHOOL DISTRICT,BROOKLYN CENTER ACADEMY,,,,,,10,#VALUE!,
01,0621,MOUNDS VIEW PUBLIC SCHOOL DISTRICT,ISLAND LAKE ELEMENTARY,,,,,,1,#VALUE!,
01,0621,MOUNDS VIEW PUBLIC SCHOOL DISTRICT,NETS,,,,,,1,#VALUE!,
01,0621,MOUNDS VIEW PUBLIC SCHOOL DISTRICT,OPTIONS,,,,,,1,#VALUE!,
01,0621,MOUNDS VIEW PUBLIC SCHOOL DISTRICT,PIKE LAKE KINDERGARTEN CENTER,,,,,,4,#VALUE!,
01,0623,ROSEVILLE PUBLIC SCHOOL DISTRICT,CENTRAL PARK ELEMENTARY,,,,,,1,#VALUE!,
01,0623,ROSEVILLE PUBLIC SCHOOL DISTRICT,HARAMBEE ELEMENTARY SCHOOL,,,,,,1,#VALUE!,
01,0625,ST. PAUL PUBLIC SCHOOL DISTRICT,ANNA WESTIN HOUSE,,,,,,2,#VALUE!,
01,0625,ST. PAUL PUBLIC SCHOOL DISTRICT,BOYS TOTEM TOWN,,,,,,1,#VALUE!,
01,0625,ST. PAUL PUBLIC SCHOOL DISTRICT,BRUCE F VENTO ELEMENTARY,,,,,,1,#VALUE!,
01,0625,ST. PAUL PUBLIC SCHOOL DISTRICT,CHEROKEE HEIGHTS ELEMENTARY SCHOOL,,,,,,1,#VALUE!,
01,0625,ST. PAUL PUBLIC SCHOOL DISTRICT,CREATIVE ARTS SECONDARY SCHOOL,,,,,,6,#VALUE!,
01,0625,ST. PAUL PUBLIC SCHOOL DISTRICT,FARNSWORTH AEROSPACE UPPER,,,,,,1,#VALUE!,
01,0625,ST. PAUL PUBLIC SCHOOL DISTRICT,PAUL & SHEILA WELLSTONE ELEMENTARY,,,,,,1,#VALUE!,
01,0625,ST. PAUL PUBLIC SCHOOL DISTRICT,RIVERVIEW WEST SCHOOL OF EXCELLENCE,,,,,,1,#VALUE!,
07,4017,MINNESOTA TRANSITIONS CHARTER SCH,BANAADIR ACADEMY,,,,,,323,#VALUE!,
07,4089,NEW CITY SCHOOL,NEW CITY SCHOOL - EAST CAMPUS,,,,,,36,#VALUE!,
07,4126,PRAIRIE SEEDS ACADEMY,PRAIRIE SEEDS EL SCHOOL ACADEMY,,,,,,79,#VALUE!,
07,4126,PRAIRIE SEEDS ACADEMY,PRAIRIE SEEDS HIGH SCHOOL ACADEMY,,,,,,111,#VALUE!,
07,4126,PRAIRIE SEEDS ACADEMY,PRAIRIE SEEDS MIDDLE SCHOOL ACADEMY,,,,,,73,#VALUE!,
07,4170,HIAWATHA ACADEMIES,HIAWATHA COLLEGE PREP,,,,,,309,#VALUE!,
01,0011,ANOKA-HENNEPIN PUBLIC SCHOOL DIST.,COON RAPIDS HIGH SCHOOL,,,,,1,5,400,"2340 Northdale Blvd Coon Rapids, MN 55433-3097"
01,0625,ST. PAUL PUBLIC SCHOOL DISTRICT,MAXFIELD ELEMENTARY SCHOOL,,,,,2,8,300,
01,0625,ST. PAUL PUBLIC SCHOOL DISTRICT,DAYTONS BLUFF ELEMENTARY,,,,,1,4,300,
01,0625,ST. PAUL PUBLIC SCHOOL DISTRICT,HAMLINE ELEMENTARY SCHOOL,,,,,1,4,300,
01,0625,ST. PAUL PUBLIC SCHOOL DISTRICT,HIGHLAND PARK MIDDLE SCHOOL,,,,1,8,7,164.5751311,
07,4075,AVALON SCHOOL,AVALON MIDDLE SCHOOL,,,,,7,17,142.8571429,
01,0625,ST. PAUL PUBLIC SCHOOL DISTRICT,THE HEIGHTS COMMUNITY SCHOOL,,,,1,5,5,123.6067977,
01,0625,ST. PAUL PUBLIC SCHOOL DISTRICT,L'ETOILE DU NORD FRENCH IMMERSION U,,,,,5,11,120,
07,4170,HIAWATHA ACADEMIES,HIAWATHA LEADERSHIP ACAD-NORTHROP,,,,,68,143,110.2941176,"1611 E. 46th Street Minneapolis, MN 55407"
01,0271,BLOOMINGTON PUBLIC SCHOOL DISTRICT,OAK GROVE ELEMENTARY,1,1,4,11,19,20,103.245642,"1301 W 104th St Bloomington, MN 55431-3163"
01,0271,BLOOMINGTON PUBLIC SCHOOL DISTRICT,BEACON - (287),,,,,1,2,100,"9701 Nicollet Ave Bloomington, MN 55420-4448"
01,0272,EDEN PRAIRIE PUBLIC SCHOOL DISTRICT,TASSEL TRANSITION,,,,,1,2,100,"8040 Mitchell Rd Eden Prairie, MN 55344"
01,0625,ST. PAUL PUBLIC SCHOOL DISTRICT,GALTIER ELEMENTARY SCHOOL,,,,,3,6,100,
01,0625,ST. PAUL PUBLIC SCHOOL DISTRICT,L'ETOILE DU NORD FRENCH IMMERSION L,,,,,3,6,100,
07,4213,PRODEO ACADEMY,PRODEO ACADEMY,,,,,65,126,93.84615385,"1555 40th Ave NE Columbia Heights, MN 55421"
07,4210,UPPER MISSISSIPPI ACADEMY,UPPER MISSISSIPPI HIGH ACADEMY,,,,,10,19,90,
07,4218,VENTURE ACADEMY,VENTURE ACADEMY,,,,,91,159,74.72527473,"315 27th Ave. SE Minneapolis, MN 55414"
01,0197,WEST ST. PAUL-MENDOTA HTS.-EAGAN,HERITAGE E-STEM MAGNET SCHOOL,,,,1,1,3,73.20508076,"121 W Butler Ave West Saint Paul, MN 55118-1399"
01,0625,ST. PAUL PUBLIC SCHOOL DISTRICT,JJ HILL MONTESSORI,,,1,1,3,4,69.17263851,
01,0281,ROBBINSDALE PUBLIC SCHOOL DISTRICT,ZACHARY LANE ELEMENTARY,2,3,9,13,21,22,68.17840901,"4350 Zachary Ln Plymouth, MN 55442"
01,0196,ROSEMOUNT-APPLE VALLEY-EAGAN,HIGHLAND ELEMENTARY,,1,0,1,2,3,68.08433896,"14001 Pilot Knob Rd Apple Valley, MN 55124-6602"
01,0016,SPRING LAKE PARK PUBLIC SCHOOLS,PARK TERRACE EL.,1,1,2,1,10,9,63.46839072,"8301 Terrace Rd NE Spring Lake Park, MN 55432-1159"
01,0276,MINNETONKA PUBLIC SCHOOL DISTRICT,MINNETONKA EAST MIDDLE,2,1,4,5,8,17,63.28665895,"17000 Lake St Extension Minnetonka, MN 55345-2530"
07,4203,MINNEAPOLIS COLLEGE PREPARATORY,MINNEAPOLIS COLLEGE PREPARATORY,,,,37,72,96,61.07745325,"2131 12th Ave N Minneapolis, MN 55411-3715"
01,0279,OSSEO PUBLIC SCHOOL DISTRICT,ELM CREEK ELEMENTARY,1,0,0,0,3,3,56.59236112,"9830 Revere Ln N Maple Grove, MN 55369-3499"
01,0276,MINNETONKA PUBLIC SCHOOL DISTRICT,GROVELAND ELEMENTARY,,1,2,2,4,6,53.36746868,"17310 Minnetonka Blvd Minnetonka, MN 55345-1003"
01,0196,ROSEMOUNT-APPLE VALLEY-EAGAN,APPLE VALLEY SENIOR HIGH,1,0,2,5,3,2,51.69958507,"14450 Hayes Rd Apple Valley, MN 55124-6797"
01,0625,ST. PAUL PUBLIC SCHOOL DISTRICT,WASHINGTON TECH SECONDARY MAGNET,,1,2,8,2,8,51.57165665,
01,0625,ST. PAUL PUBLIC SCHOOL DISTRICT,JIE MING MANDARIN IMMERSION ACADEMY,,,,,2,3,50,
01,0625,ST. PAUL PUBLIC SCHOOL DISTRICT,HIGHLAND PARK ELEMENTARY,1,7,13,14,12,11,47.82715568,
01,0621,MOUNDS VIEW PUBLIC SCHOOL DISTRICT,MOUNDS VIEW SENIOR HIGH,1,1,4,3,2,10,46.2480337,"1900 Lake Valentine Rd Arden Hills, MN 55112-2841"
07,4102,MINNESOTA INTERNSHIP CENTER,DOWNTOWN CAMPUS,,,,32,41,67,44.69796128,"511 Groveland Ave Minneapolis, MN 55403-3223"
01,0623,ROSEVILLE PUBLIC SCHOOL DISTRICT,LITTLE CANADA ELEMENTARY,1,1,1,1,3,6,41.92554542,"400 Eli Rd Little Canada, MN 55117-1197"
01,0625,ST. PAUL PUBLIC SCHOOL DISTRICT,BENJAMIN E MAYS MAGNET,,,,2,2,4,41.42135624,
01,0281,ROBBINSDALE PUBLIC SCHOOL DISTRICT,ROBBINSDALE TASC ALC,,,,1,5,2,41.42135624,"2400 Sandburg Ln Golden Valley, MN 55427-3616"
01,0625,ST. PAUL PUBLIC SCHOOL DISTRICT,CAPITOL HILL MAGNET/RONDO,,,,1,1,2,41.42135624,
01,0279,OSSEO PUBLIC SCHOOL DISTRICT,FAIR OAKS ELEMENTARY,,,1,4,2,4,41.42135624,"5600 65th Ave N Brooklyn Park, MN 55429-2096"
01,0625,ST. PAUL PUBLIC SCHOOL DISTRICT,SAINT PAUL MUSIC ACADEMY,,,,1,2,2,41.42135624,
01,0279,OSSEO PUBLIC SCHOOL DISTRICT,MAPLE GROVE JUNIOR HIGH,1,2,2,2,5,6,39.72483581,"7000 Hemlock Ln Maple Grove, MN 55369-7659"
01,0625,ST. PAUL PUBLIC SCHOOL DISTRICT,FOUR SEASONS ELEMENTARY,1,0,1,0,1,4,39.04373565,
01,0279,OSSEO PUBLIC SCHOOL DISTRICT,GARDEN CITY ELEMENTARY,4,1,8,10,7,11,37.3939615,"3501 65th Ave N Brooklyn Center, MN 55429-2299"
07,4210,UPPER MISSISSIPPI ACADEMY,UPPER MISSISSIPPI MIDDLE ACADEMY,,,,,94,129,37.23404255,"2 Federal Drive Fort Snelling, MN 55111-4000"
07,4205,HENNEPIN ELEMENTARY SCHOOL,HENNEPIN ELEMENTARY SCHOOL,,,,127,197,237,36.60679823,"2123 Clinton Ave S Minneapolis, MN 55404-2650"
01,0197,WEST ST. PAUL-MENDOTA HTS.-EAGAN,FRIENDLY HILLS MIDDLE,2,2,4,5,6,8,34.79492309,"701 Mendota Heights Rd Mendota Heights, MN 55120-1681"
01,0279,OSSEO PUBLIC SCHOOL DISTRICT,RUSH CREEK ELEMENTARY,1,0,4,4,1,2,34.49884993,"8801 County Rd 101 Maple Grove, MN 55311-4311"
01,0271,BLOOMINGTON PUBLIC SCHOOL DISTRICT,WASHBURN ELEMENTARY,4,5,5,10,17,13,34.0548056,"8401 Xerxes Ave S Bloomington, MN 55431-1698"
07,4140,YINGHUA ACADEMY,YINGHUA ACADEMY,59,89,120,156,202,264,33.88473324,"1616 Buchanan St NE Minneapolis, MN 55413-1609"
01,0625,ST. PAUL PUBLIC SCHOOL DISTRICT,FROST LAKE ELEMENTARY SCHOOL,,,,,3,4,33.33333333,
01,0623,ROSEVILLE PUBLIC SCHOOL DISTRICT,PARKVIEW CENTER SCHOOL,2,3,9,7,9,8,32.97998031,"701 County Rd B W Roseville, MN 55113-4594"
01,0196,ROSEMOUNT-APPLE VALLEY-EAGAN,EAGAN SENIOR HIGH,2,2,2,9,7,5,32.47874068,"4185 Braddock Tr Eagan, MN 55123-1575"
01,0279,OSSEO PUBLIC SCHOOL DISTRICT,ALC SENIOR HIGH,,,4,3,4,9,31.26490515,"7300 Boone Ave N Brooklyn Park, MN 55428-1001"
01,0281,ROBBINSDALE PUBLIC SCHOOL DISTRICT,HIGHVIEW ALC,,,,14,17,24,30.93073414,"2400 Sandburg Ln Golden Valley, MN 55427-3616"
01,0279,OSSEO PUBLIC SCHOOL DISTRICT,FERNBROOK ELEMENTARY,1,1,1,0,3,5,29.47250084,"9661 Fernbrook Ln Maple Grove, MN 55369-9745"
01,0011,ANOKA-HENNEPIN PUBLIC SCHOOL DIST.,MORRIS BYE ELEMENTARY,1,0,0,0,2,1,29.27568771,"11931 Crooked Lake Blvd Coon Rapids, MN 55433-1799"
01,0280,RICHFIELD PUBLIC SCHOOL DISTRICT,CENTENNIAL ELEMENTARY,6,5,9,8,11,23,29.19838904,
01,0279,OSSEO PUBLIC SCHOOL DISTRICT,ACHIEVE,,,1,2,3,2,28.2088854,"324 6th Ave NE Osseo, MN 55369"
01,0280,RICHFIELD PUBLIC SCHOOL DISTRICT,RICHFIELD DUAL LANGUAGE SCHOOL,10,21,31,34,34,40,27.37708785,
01,0272,EDEN PRAIRIE PUBLIC SCHOOL DISTRICT,CEDAR RIDGE ELEMENTARY,4,5,6,13,14,10,27.28301791,"8905 Braxton Dr Eden Prairie, MN 55347-3341"
01,0196,ROSEMOUNT-APPLE VALLEY-EAGAN,WESTVIEW ELEMENTARY,1,1,0,0,5,2,26.74067032,"225 Garden View Dr Apple Valley, MN 55124-6724"
01,0011,ANOKA-HENNEPIN PUBLIC SCHOOL DIST.,ANTHONY LOUIS HOUSE,,1,0,0,1,1,25.89254118,"12066 Hwy 65 Blaine, MN 55434-3912"
01,0271,BLOOMINGTON PUBLIC SCHOOL DISTRICT,VALLEY VIEW ELEMENTARY,,2,0,1,1,2,25.89254118,"351 E 88th St Bloomington, MN 55420-2996"
07,4189,BRIGHT WATER ELEMENTARY,BRIGHT WATER ELEMENTARY,48,73,97,127,149,145,25.4564602,"5140 Fremont Ave N Minneapolis, MN 55430"
01,0279,OSSEO PUBLIC SCHOOL DISTRICT,OAK VIEW ELEMENTARY,1,2,4,3,3,4,25.17927401,"6710 E Fish Lake Rd Maple Grove, MN 55369-5452"
01,0625,ST. PAUL PUBLIC SCHOOL DISTRICT,GROVELAND PARK ELEMENTARY,4,12,12,19,15,15,24.74211598,
01,0621,MOUNDS VIEW PUBLIC SCHOOL DISTRICT,IRONDALE SENIOR HIGH,10,12,17,22,25,28,24.27997256,"2425 Long Lake Rd New Brighton, MN 55112-5267"
01,0625,ST. PAUL PUBLIC SCHOOL DISTRICT,RANDOLPH HEIGHTS ELEMENTARY,1,0,1,2,1,1,24.25536308,
07,4027,HIGHER GROUND ACADEMY,HIGHER GROUND SECONDARY ACADEMY,,,,,33,41,24.24242424,"1381 Marshall Ave Saint Paul, MN 55104-6315"
07,4209,MASTERY SCHOOL,MASTERY SCHOOL,,,,132,174,203,24.01124094,"1301 7th Ave N Minneapolis, MN 55411-3946"
07,4011,ATHLOS LEADERSHIP ACADEMY,ATHLOS LEADERSHIP ACADEMY,,,,,105,130,23.80952381,"10100 Noble Parkway North Brooklyn Park, MN 55443"
01,0272,EDEN PRAIRIE PUBLIC SCHOOL DISTRICT,EAGLE HEIGHTS SPANISH IMMERSION,3,2,4,4,7,6,22.92456749,"13400 Staring Lake Pkwy Eden Prairie, MN 55347"
01,0271,BLOOMINGTON PUBLIC SCHOOL DISTRICT,271 METRO SOUTH ABE,,,,2,3,3,22.47448714,"2575 W 88th St Bloomington, MN 55431"
01,0279,OSSEO PUBLIC SCHOOL DISTRICT,NORTH VIEW IB WORLD SCHOOL,9,8,5,13,26,14,21.10004822,"5869 69th Ave N Brooklyn Park, MN 55429-1598"
01,0625,ST. PAUL PUBLIC SCHOOL DISTRICT,BATTLE CREEK MIDDLE,,,2,1,2,3,21.04040754,
01,0014,FRIDLEY PUBLIC SCHOOL DISTRICT,FRIDLEY MIDDLE,15,16,25,30,31,36,20.55880405,"6100 W Moore Lake Dr Fridley, MN 55432"
01,0011,ANOKA-HENNEPIN PUBLIC SCHOOL DIST.,COON RAPIDS MIDDLE SCHOOL,2,1,0,1,2,3,20.09637361,"11600 Raven St NW Coon Rapids, MN 55433-3096"
07,4181,COMMUNITY SCHOOL OF EXCELLENCE,COMMUNITY SCHOOL OF EXCELLENCE,10,15,16,12,30,24,19.27482404,"170 Rose Ave West Saint Paul, MN 55117-4437"
01,0271,BLOOMINGTON PUBLIC SCHOOL DISTRICT,OAK GROVE MIDDLE,7,14,16,17,17,21,19.1625914,"1300 W 106th St Bloomington, MN 55431-4152"
01,0625,ST. PAUL PUBLIC SCHOOL DISTRICT,HIGHLAND PARK SENIOR HIGH,7,10,11,16,19,15,19.0768295,
01,0270,HOPKINS PUBLIC SCHOOL DISTRICT,GATEWOOD ELEMENTARY,9,14,9,14,18,24,19.03929877,"14900 Gatewood Dr Minnetonka, MN 55343-6731"
01,0270,HOPKINS PUBLIC SCHOOL DISTRICT,ALICE SMITH ELEMENTARY,13,8,10,14,18,25,18.83191902,"801 Minnetonka Mills Rd Hopkins, MN 55343-7266"
01,0014,FRIDLEY PUBLIC SCHOOL DISTRICT,STEVENSON ELEMENTARY,6,6,22,13,13,14,18.80160598,"6080 E River Rd Fridley, MN 55432"
01,0271,BLOOMINGTON PUBLIC SCHOOL DISTRICT,OLSON MIDDLE,9,10,11,15,14,23,18.73697499,"4551 W 102nd St Bloomington, MN 55437-2698"
01,0281,ROBBINSDALE PUBLIC SCHOOL DISTRICT,ROBBINSDALE MIDDLE,83,93,107,143,172,178,18.52850555,"3730 Toledo Ave N Robbinsdale, MN 55422"
01,0281,ROBBINSDALE PUBLIC SCHOOL DISTRICT,FOREST ELEMENTARY,11,8,11,17,18,20,18.21694285,"6800 47th Avenue North Crystal, MN 55427"
01,0014,FRIDLEY PUBLIC SCHOOL DISTRICT,HAYES ELEMENTARY,9,20,14,22,20,26,17.87646672,"615 Mississippi St NE Fridley, MN 55432"
01,0014,FRIDLEY PUBLIC SCHOOL DISTRICT,FRIDLEY MOORE LK AREA LEARNING CTR,,5,2,2,4,8,17.74080373,"6085 7th St NE Fridley, MN 55432-5698"
07,4102,MINNESOTA INTERNSHIP CENTER,COMMUNITY CAMPUS,,,,26,22,36,17.66968108,
01,0276,MINNETONKA PUBLIC SCHOOL DISTRICT,SCENIC HEIGHTS ELEMENTARY,8,13,19,25,20,18,17.42298389,"5650 Scenic Heights Dr Minnetonka, MN 55345-5235"
01,0280,RICHFIELD PUBLIC SCHOOL DISTRICT,RICHFIELD STEM SCHOOL,,20,29,41,31,43,17.32324368,
07,4122,EAGLE RIDGE ACADEMY CHARTER SCHOOL,EAGLE RIDGE ACADEMY CHARTER SCHOOL,10,13,13,18,19,22,16.70301991,
01,0197,WEST ST. PAUL-MENDOTA HTS.-EAGAN,MENDOTA ELEMENTARY,7,6,6,7,13,12,15.91386941,"1979 Summit Ln Mendota Heights, MN 55118-4155"
01,0279,OSSEO PUBLIC SCHOOL DISTRICT,PALMER LAKE ELEMENTARY,5,8,4,10,15,8,15.85901211,"7300 W Palmer Lake Dr Brooklyn Park, MN 55429-3599"
01,0621,MOUNDS VIEW PUBLIC SCHOOL DISTRICT,HIGHVIEW MIDDLE SCHOOL,7,12,9,10,12,19,15.67996573,"2300 - 7th St NW New Brighton, MN 55112-6525"
07,4103,HMONG COLLEGE PREP ACADEMY,HMONG COLLEGE PREP MIDDLE ACADEMY,43,29,35,53,66,64,14.93025704,"1515 Brewster St Saint Paul, MN 55108"
01,0276,MINNETONKA PUBLIC SCHOOL DISTRICT,CLEAR SPRINGS ELEMENTARY,3,4,8,7,9,5,14.87428962,"5701 Hwy 101 Minnetonka, MN 55345"
01,0196,ROSEMOUNT-APPLE VALLEY-EAGAN,PINEWOOD EL.,,1,2,3,2,2,14.8698355,"4300 Dodd Rd Eagan, MN 55123"
01,0283,ST. LOUIS PARK PUBLIC SCHOOL DIST.,PARK SPANISH IMMERSION ELEMENTARY,18,19,23,26,33,33,14.73029382,"6300 Walker St Saint Louis Park, MN 55416-2382"
01,0281,ROBBINSDALE PUBLIC SCHOOL DISTRICT,ROBBINSDALE ARMSTRONG SENIOR HIGH,83,99,120,130,156,162,14.65997826,"10635 36th Ave N Plymouth, MN 55441"
01,0273,EDINA PUBLIC SCHOOL DISTRICT,CREEK VALLEY ELEMENTARY,10,7,10,9,11,20,14.42533261,"6401 Gleason Rd Edina, MN 55439"
01,0279,OSSEO PUBLIC SCHOOL DISTRICT,RICE LAKE ELEMENTARY,6,4,0,5,5,6,13.9852281,"13755 89th Ave N Maple Grove, MN 55369-9793"
01,0621,MOUNDS VIEW PUBLIC SCHOOL DISTRICT,CHIPPEWA MIDDLE SCHOOL,2,1,2,3,4,2,13.92953398,"5000 Hodgson Rd North Oaks, MN 55126-1226"
07,4111,AUGSBURG FAIRVIEW ACADEMY,AUGSBURG FAIRVIEW ACADEMY,83,65,95,102,144,126,13.86520577,"2504 Columbus Ave Minneapolis, MN 55404"
07,4152,TWIN CITIES GERMAN IMMERSION CHTR,TWIN CITIES GERMAN IMMERSION CHRTR,69,88,96,117,123,133,13.666931,"1031 Como Avenue Saint Paul, MN 55103"
01,0280,RICHFIELD PUBLIC SCHOOL DISTRICT,SHERIDAN HILLS ELEMENTARY,5,13,10,12,11,13,13.58620758,
01,0273,EDINA PUBLIC SCHOOL DISTRICT,NORMANDALE ELEMENTARY,7,2,14,15,15,5,13.49739915,"5701 Normandale Rd Edina, MN 55424"
01,0271,BLOOMINGTON PUBLIC SCHOOL DISTRICT,KENNEDY SENIOR HIGH,26,14,15,24,29,37,13.4568238,"9701 Nicollet Ave S Bloomington, MN 55420-4498"
07,4121,UBAH MEDICAL ACADEMY CHARTER SCHOOL,UBAH MEDICAL ACADEMY CHARTER SCHOOL,159,162,183,222,254,281,13.36230943,"1600 Main St Hopkins, MN 55343-7409"
01,0625,ST. PAUL PUBLIC SCHOOL DISTRICT,CENTRAL SENIOR HIGH,3,9,5,8,8,7,13.24410656,
07,4105,GREAT RIVER SCHOOL,GREAT RIVER SCHOOL,35,36,43,46,53,63,12.64244208,"1326 Energy Park Dr Saint Paul, MN 55108"
07,4067,AURORA CHARTER SCHOOL,AURORA MIDDLE SCHOOL,,81,116,113,113,147,12.36434088,"2103 E 26th St Minneapolis, MN 55404-4102"
01,0621,MOUNDS VIEW PUBLIC SCHOOL DISTRICT,BEL AIR ELEMENTARY,11,11,10,15,15,19,12.32733963,"1800 - 5th St NW New Brighton, MN 55112-6501"
01,0013,COLUMBIA HEIGHTS PUBLIC SCHOOL DIST,ACHIEVE,,,3,6,8,4,12.19551454,"900 49th Ave NE Columbia Heights, MN 55421-1710"
01,0623,ROSEVILLE PUBLIC SCHOOL DISTRICT,ROSEVILLE AREA SENIOR HIGH,7,10,8,7,14,13,12.01464855,"1240 County Road B2 W Roseville, MN 55113-4396"
01,0271,BLOOMINGTON PUBLIC SCHOOL DISTRICT,JEFFERSON SENIOR HIGH,13,11,14,13,15,24,11.85729161,"4001 W 102nd St Bloomington, MN 55437-2699"
01,0281,ROBBINSDALE PUBLIC SCHOOL DISTRICT,SCHOOL OF ENGINEERING-ARTS AT OLSON,,,,8,7,10,11.80339887,"1751 Kelly Dr Golden Valley, MN 55427-4117"
07,4089,NEW CITY SCHOOL,NEW CITY SCHOOL,103,117,113,135,174,170,11.70398966,"229 13th Ave NE Minneapolis, MN 55413-1117"
01,0013,COLUMBIA HEIGHTS PUBLIC SCHOOL DIST,COLUMBIA ACADEMY,,,106,116,139,143,11.39475246,"900 49th Ave NE Columbia Heights, MN 55421-1710"
01,0281,ROBBINSDALE PUBLIC SCHOOL DISTRICT,NEILL ELEMENTARY,28,30,33,38,41,48,11.38308505,"6600 Medicine Lake Rd Crystal, MN 55427-3042"
01,0281,ROBBINSDALE PUBLIC SCHOOL DISTRICT,NOBLE ELEMENTARY,50,50,59,72,76,79,11.2851071,"2601 Noble Ave N Golden Valley, MN 55422"
01,0625,ST. PAUL PUBLIC SCHOOL DISTRICT,ADAMS MAGNET ELEMENTARY,12,9,10,13,16,17,11.24570724,
01,0011,ANOKA-HENNEPIN PUBLIC SCHOOL DIST.,JACKSON MIDDLE,2,4,4,5,4,4,11.11511565,"6000 109th Ave N Champlin, MN 55316-3499"
01,0281,ROBBINSDALE PUBLIC SCHOOL DISTRICT,NORTHPORT ELEMENTARY,9,5,9,13,12,10,10.58321207,"5421 Brooklyn Blvd Brooklyn Center, MN 55429"
01,0272,EDEN PRAIRIE PUBLIC SCHOOL DISTRICT,FOREST HILLS ELEMENTARY,8,11,13,12,16,13,10.427378,"13708 Holly Rd Eden Prairie, MN 55346-2805"
01,0621,MOUNDS VIEW PUBLIC SCHOOL DISTRICT,SUNNYSIDE ELEMENTARY,4,5,3,3,8,6,10.31940038,"2070 County Rd H New Brighton, MN 55112-1586"
01,0013,COLUMBIA HEIGHTS PUBLIC SCHOOL DIST,HIGHLAND ELEMENTARY,55,55,67,64,75,91,10.20898003,"1500 49th Ave NE Columbia Heights, MN 55421-1991"
07,4017,MINNESOTA TRANSITIONS CHARTER SCH,MINNESOTA TRANSITIONS CHARTER ELEM,72,64,108,93,116,102,10.12662552,"1800 2nd Street NE Minneapolis, MN 55418"
01,0281,ROBBINSDALE PUBLIC SCHOOL DISTRICT,ROBBINSDALE SPANISH IMMERSION EL.,12,16,17,19,16,23,10.08900139,"8808 Medicine Lake Rd New Hope, MN 55427"
01,0271,BLOOMINGTON PUBLIC SCHOOL DISTRICT,VALLEY VIEW MIDDLE,4,8,9,10,9,7,9.751781895,"8900 Portland Ave Bloomington, MN 55420-2994"
01,0623,ROSEVILLE PUBLIC SCHOOL DISTRICT,ROSEVILLE AREA MIDDLE,3,1,3,2,2,4,9.299904672,"15 E County Rd B2 Little Canada, MN 55117-1499"
07,4102,MINNESOTA INTERNSHIP CENTER,SABATHANI CAMPUS,20,53,48,49,33,49,9.19789604,"310 38th Street E Ste 101 Minneapolis, MN 55409"
07,4110,MAIN STREET SCHOOL PERFORMING ARTS,MAIN STREET SCHOOL PERFORMING ARTS,47,40,40,51,57,67,9.19315494,"1320 Main St Hopkins, MN 55343"
01,0279,OSSEO PUBLIC SCHOOL DISTRICT,PARK CENTER IB WORLD SCHOOL,25,36,34,32,43,42,9.156351098,"7300 Brooklyn Blvd Brooklyn Park, MN 55443-3395"
01,0621,MOUNDS VIEW PUBLIC SCHOOL DISTRICT,EDGEWOOD MIDDLE SCHOOL,2,3,7,4,5,3,8.950080887,"5100 Edgewood Dr N Mounds View, MN 55112-4936"
07,4171,NOBLE ACADEMY,NOBLE ACADEMY,145,150,179,185,216,209,8.809207085,"4021 Thomas Ave N Minneapolis, MN 55412-1503"
01,0016,SPRING LAKE PARK PUBLIC SCHOOLS,SPRING LAKE PARK SENIOR HIGH,8,8,7,11,15,9,8.72164897,"1100 81st Ave NE Spring Lake Park, MN 55432-2098"
01,0196,ROSEMOUNT-APPLE VALLEY-EAGAN,SCHOOL OF ENVIRONMENTAL STUDIES,2,4,4,5,5,3,8.70044555,"12155 Johnny Cake Ridge Rd Apple Valley, MN 55124-8151"
07,4030,ODYSSEY ACADEMY,ODYSSEY ACADEMY,26,19,24,25,40,29,8.391059765,"6201 Noble Ave N Brooklyn Center, MN 55429"
01,0279,OSSEO PUBLIC SCHOOL DISTRICT,WOODLAND ELEMENTARY,3,3,4,5,3,5,8.258383015,"4501 Oak Grove Pkwy Brooklyn Park, MN 55443-4023"
01,0279,OSSEO PUBLIC SCHOOL DISTRICT,CREST VIEW ELEMENTARY,5,2,2,3,2,8,8.191010312,"8200 Zane Ave N Brooklyn Park, MN 55443-2199"
07,4075,AVALON SCHOOL,AVALON SCHOOL,20,30,18,33,33,29,8.173703827,"700 Glendale St Saint Paul, MN 55114-1782"
01,0270,HOPKINS PUBLIC SCHOOL DISTRICT,MEADOWBROOK ELEMENTARY,73,88,98,96,101,116,8.045521192,"5430 Glenwood Ave Golden Valley, MN 55422-5120"
01,0621,MOUNDS VIEW PUBLIC SCHOOL DISTRICT,PINEWOOD EL.,2,2,3,5,4,2,7.681502512,"5500 Quincy St Mounds View, MN 55112-1425"
07,4038,SOJOURNER TRUTH ACADEMY,SOJOURNER TRUTH ACADEMY,234,320,325,314,370,361,7.615778044,"3820 Emerson Ave N Minneapolis, MN 55412-2039"
01,0272,EDEN PRAIRIE PUBLIC SCHOOL DISTRICT,EDEN LAKE ELEMENTARY,8,10,13,14,9,14,7.576451101,"1200 Anderson Lakes Pkwy Eden Prairie, MN 55344-6696"
07,4178,LINCOLN INTERNATIONAL SCHOOL,LINCOLN INTERNATIONAL SCHOOL,101,77,88,108,124,121,7.519504826,"2520 Minnehaha Ave Minneapolis, MN 55404-2650"
07,4078,MINNESOTA INTERNATIONAL MIDDLE CHTR,MN INTERNATIONAL MIDDLE CHR SCHOOL,231,262,284,295,319,338,7.501408827,"277 12th Ave N Minneapolis, MN 55401-1026"
07,4191,KIPP MINNESOTA CHARTER SCHOOL,KIPP MINNESOTA CHARTER SCHOOL,154,156,168,160,199,221,7.366118868,"5034 Oliver Ave. N Minneapolis, MN 55430"
01,0197,WEST ST. PAUL-MENDOTA HTS.-EAGAN,SOMERSET ELEMENTARY,,1,1,0,2,1,7.177346254,"1355 Dodd Rd Mendota Heights, MN 55118-1999"
01,0272,EDEN PRAIRIE PUBLIC SCHOOL DISTRICT,EDEN PRAIRIE SENIOR HIGH,38,43,45,49,57,51,7.1035525,"17185 Valley View Rd Eden Prairie, MN 55346-4253"
01,0625,ST. PAUL PUBLIC SCHOOL DISTRICT,COMO PARK SENIOR HIGH,4,6,3,7,5,6,6.876581109,
01,0197,WEST ST. PAUL-MENDOTA HTS.-EAGAN,GARLOUGH ENVIRONMENTAL MAGNET,,,7,9,8,9,6.568312443,"1740 Charlton St West Saint Paul, MN 55118-3812"
01,0013,COLUMBIA HEIGHTS PUBLIC SCHOOL DIST,NORTH PARK ELEMENTARY,28,20,30,40,34,30,6.562132606,"5575 Fillmore St NE Fridley, MN 55432-5797"
01,0286,BROOKLYN CENTER SCHOOL DISTRICT,BROOKLYN CENTER SECONDARY,60,60,60,67,72,82,6.545860197,"6500 Humboldt Ave N Brooklyn Center, MN 55430"
01,0625,ST. PAUL PUBLIC SCHOOL DISTRICT,ALC EVENING HIGH SCHOOL,,4,0,1,3,1,6.487866803,
01,0196,ROSEMOUNT-APPLE VALLEY-EAGAN,SOUTHVIEW ELEMENTARY,3,4,4,4,5,4,6.207445541,"1025 Whitney Dr Apple Valley, MN 55124-9140"
01,0270,HOPKINS PUBLIC SCHOOL DISTRICT,HOPKINS SENIOR HIGH,116,121,144,165,147,150,5.896691376,"2400 Lindbergh Dr Minnetonka, MN 55305-3124"
01,0280,RICHFIELD PUBLIC SCHOOL DISTRICT,RICHFIELD CAREER EDUCATION PROGRAM,5,7,13,14,6,8,5.764827072,
01,0623,ROSEVILLE PUBLIC SCHOOL DISTRICT,FALCON HEIGHTS ELEMENTARY,3,4,12,9,5,4,5.338052617,"1393 Garden Ave W Falcon Heights, MN 55113-6152"
01,0281,ROBBINSDALE PUBLIC SCHOOL DISTRICT,ROBBINSDALE COOPER SENIOR HIGH,235,243,256,260,291,299,5.158892727,"8230 47th Ave N New Hope, MN 55428"
01,0294,HOUSTON PUBLIC SCHOOL DISTRICT,MINNESOTA VIRTUAL ACADEMY,54,45,80,89,63,61,5.053472972,"306 W Elm St Houston, MN 55943-0363"
07,4192,BEST ACADEMY,BEST ACADEMY,409,447,472,440,453,577,4.948341133,"1300 Olson Memorial Hwy Golden Valley, MN 55411-3968"
01,0013,COLUMBIA HEIGHTS PUBLIC SCHOOL DIST,VALLEY VIEW ELEMENTARY,71,86,85,97,101,88,4.9400421,"800 49th Ave NE Columbia Heights, MN 55421-1798"
70,1000,PERPICH CENTER FOR ARTS EDUCATION,PERPICH CENTER FOR ARTS EDUCATION,41,48,50,46,57,52,4.738940099,"6125 Olson Memorial Hwy Golden Valley, MN 55422-4918"
07,4102,MINNESOTA INTERNSHIP CENTER,UNITY CAMPUS,99,78,83,98,83,126,4.552984504,"2507 Fremont Ave N Minneapolis, MN 55411-1529"
07,4143,NEW MILLENNIUM ACADEMY CHARTER SCH,NEW MILLENIUM ACADEMY CHARTER SCH,257,274,323,320,299,331,4.432053915,"2620 Russell Avenue North Minneapolis, MN 55411-4085"
01,0273,EDINA PUBLIC SCHOOL DISTRICT,EDINA SENIOR HIGH,123,141,145,154,149,159,4.406846507,"6754 Valley View Rd Edina, MN 55439"
01,0625,ST. PAUL PUBLIC SCHOOL DISTRICT,HARDING SENIOR HIGH,9,6,4,11,7,9,4.301525147,
01,0014,FRIDLEY PUBLIC SCHOOL DISTRICT,FRIDLEY SENIOR HIGH,30,29,34,35,38,34,4.276559214,"6000 W Moore Lake Dr Fridley, MN 55432"
01,0625,ST. PAUL PUBLIC SCHOOL DISTRICT,COMO PARK ELEMENTARY,,1,2,2,3,1,4.137974399,
07,4139,LOVEWORKS ACADEMY FOR ARTS,LOVEWORKS ACADEMY FOR ARTS,144,126,127,144,181,150,4.129803401,"2225 Zenith Ave N Minneapolis, MN 55422-3852"
07,4163,LEARNING FOR LEADERSHIP CHARTER,LEARNING FOR LEADERSHIP CHARTER,134,151,141,150,157,170,3.987644151,"3300 5th St NE Minneapolis, MN 55418-1117"
01,0283,ST. LOUIS PARK PUBLIC SCHOOL DIST.,PETER HOBART ELEMENTARY,44,33,34,30,54,44,3.939226353,"6500 W 26th St Saint Louis Park, MN 55426-3399"
07,4079,FRIENDSHIP ACDMY OF FINE ARTS CHTR.,FRIENDSHIP ACDMY OF FINE ARTS CHTR.,120,104,102,129,127,133,3.928086945,"2600 E 38th St Minneapolis, MN 55406-3022"
01,0625,ST. PAUL PUBLIC SCHOOL DISTRICT,GORDON PARKS HIGH SCHOOL,3,6,2,6,4,4,3.845310759,
07,4004,CEDAR RIVERSIDE COMMUNITY SCHOOL,CEDAR RIVERSIDE COMMUNITY SCHOOL,117,143,143,152,161,138,3.612621653,"1610 S 6th Street Ste 100 Minneapolis, MN 55454-1102"
01,0270,HOPKINS PUBLIC SCHOOL DISTRICT,GLEN LAKE ELEMENTARY,15,7,7,6,9,17,3.563770861,"4801 Woodridge Rd Minnetonka, MN 55345-3944"
01,0279,OSSEO PUBLIC SCHOOL DISTRICT,ZANEWOOD COMMUNITY SCHOOL,7,3,4,9,6,5,3.51171284,"7000 Zane Ave N Brooklyn Park, MN 55429-1099"
01,0280,RICHFIELD PUBLIC SCHOOL DISTRICT,SECONDARY SPECIAL EDUCATION,1,1,1,3,1,1,3.188674986,
01,0272,EDEN PRAIRIE PUBLIC SCHOOL DISTRICT,CENTRAL MIDDLE SCHOOL,14,11,16,17,9,19,2.855791292,"8025 School Rd Eden Prairie, MN 55344-2291"
01,0273,EDINA PUBLIC SCHOOL DISTRICT,COUNTRYSIDE ELEMENTARY,39,55,43,54,57,44,2.716464231,"5701 Benton Ave S Edina, MN 55436"
01,0013,COLUMBIA HEIGHTS PUBLIC SCHOOL DIST,COLUMBIA HEIGHTS SENIOR HIGH,172,198,208,210,187,214,2.694232288,"1400 49th Ave NE Columbia Heights, MN 55421"
07,4097,"PARTNERSHIP ACADEMY, INC.","PARTNERSHIP ACADEMY, INC.",48,47,39,48,38,63,2.691655328,"305 E 77th St Richfield, MN 55423-4312"
07,4025,CYBER VILLAGE ACADEMY,CYBER VILLAGE ACADEMY,32,30,32,31,31,38,2.680648659,"768 Hamline Ave S Saint Paul, MN 55116-2224"
01,0282,ST. ANTHONY-NEW BRIGHTON SCHOOLS,ST. ANTHONY VILLAGE SENIOR HIGH,191,187,220,225,212,212,2.664801879,"3303 33rd Ave NE Saint Anthony, MN 55418-9971"
01,0623,ROSEVILLE PUBLIC SCHOOL DISTRICT,BRIMHALL ELEMENTARY,21,21,25,25,26,22,2.526597627,"1744 W County Rd B Roseville, MN 55113-4072"
01,0281,ROBBINSDALE PUBLIC SCHOOL DISTRICT,PLYMOUTH MIDDLE,55,55,57,52,54,67,2.428862651,"10011 36th Ave N Plymouth, MN 55441-2441"
07,4131,METRO SCHOOLS CHARTER,METRO SCHOOLS CHARTER,,,,275,356,288,2.336343851,"2600 26th Ave S Minneapolis, MN 55406-4527"
07,4162,SOUTHSIDE FAMILY CHARTER SCHOOL,SOUTHSIDE FAMILY CHARTER SCHOOL,94,101,103,100,105,108,2.256928722,"4500 Clinton Ave S Minneapolis, MN 55419-5111"
01,0273,EDINA PUBLIC SCHOOL DISTRICT,VALLEY VIEW MIDDLE,58,54,75,60,63,64,2.11201928,"6750 Valley View Rd Edina, MN 55439"
07,4017,MINNESOTA TRANSITIONS CHARTER SCH,MTCS CONNECTIONS ACADEMY,40,35,37,39,34,46,1.91668221,"1336 Energy Park Dr Saint Paul, MN 55108"
01,0284,WAYZATA PUBLIC SCHOOL DISTRICT,THE ALTERNATIVE PROGRAM (TAP),11,10,12,15,10,12,1.898366812,"4955 Peony Ln Plymouth, MN 55446"
01,0016,SPRING LAKE PARK PUBLIC SCHOOLS,WESTWOOD MIDDLE,,3,5,3,6,3,1.839937615,"711 91st Ave NE Blaine, MN 55434-2498"
07,4098,NOVA CLASSICAL ACADEMY,NOVA CLASSICAL ACADEMY UPPER SCHOOL,,30,30,53,56,24,1.79458464,"1455 Victoria Way Saint Paul, MN 55102"
01,0271,BLOOMINGTON PUBLIC SCHOOL DISTRICT,INDIAN MOUNDS ELEMENTARY,7,6,4,4,4,10,1.633133315,"9801 11th Ave S Bloomington, MN 55420-5198"
01,0281,ROBBINSDALE PUBLIC SCHOOL DISTRICT,SONNESYN ELEMENTARY,23,27,15,29,26,23,1.572303042,"3421 Boone Ave N New Hope, MN 55427"
62,6069,WEST METRO EDUCATION PROGRAM,FAIR SCHOOL CRYSTAL,199,209,203,206,222,213,1.54215981,"3915 Adair Ave N Crystal, MN 55422-1944"
01,0280,RICHFIELD PUBLIC SCHOOL DISTRICT,RICHFIELD MIDDLE,44,45,58,70,54,42,1.445829081,
01,0016,SPRING LAKE PARK PUBLIC SCHOOLS,NORTHPOINT ELEMENTARY,1,1,2,0,1,2,1.351924473,"2350 124th Ct Blaine, MN 55449"
07,4077,TWIN CITIES INTERNATIONAL ELEM SCH,TWIN CITIES INTERNATIONAL ELEM SCH,435,458,464,483,454,463,0.934976012,"277 12th Ave N Minneapolis, MN 55401-1026"
01,0272,EDEN PRAIRIE PUBLIC SCHOOL DISTRICT,PRAIRIE VIEW ELEMENTARY,3,2,1,3,3,2,0.825336052,"17255 Peterborg Rd Eden Prairie, MN 55346-3544"
01,0270,HOPKINS PUBLIC SCHOOL DISTRICT,HOPKINS NORTH JUNIOR HIGH,94,89,87,71,108,92,0.773620828,"10700 Cedar Lake Rd Minnetonka, MN 55305-3361"
01,0625,ST. PAUL PUBLIC SCHOOL DISTRICT,OBAMA SERVICE LEARNING ELEMENTARY,2,4,1,0,2,5,0.571417898,
07,4017,MINNESOTA TRANSITIONS CHARTER SCH,MINNESOTA TRANSITIONS MIDDLE,53,59,74,73,66,51,0.373308892,"2526 27th Ave S Minneapolis, MN 55406-2028"
07,4153,DUGSI ACADEMY,DUGSI ACADEMY,245,153,196,266,226,187,0.357566076,"1091 Snelling Avenue North Saint Paul, MN 55108"
01,0625,ST. PAUL PUBLIC SCHOOL DISTRICT,LINWOOD MONROE ARTS PLUS UPPER,1,4,4,1,2,2,0,
01,0625,ST. PAUL PUBLIC SCHOOL DISTRICT,EASTERN HEIGHTS ELEMENTARY,,,1,1,1,1,0,
01,0270,HOPKINS PUBLIC SCHOOL DISTRICT,XINXING ACADEMY,,,,,25,25,0,"1001 Hwy 7 Hopkins, MN 55305"
01,0625,ST. PAUL PUBLIC SCHOOL DISTRICT,MURRAY MIDDLE SCHOOL,,,,,8,8,0,
01,0625,ST. PAUL PUBLIC SCHOOL DISTRICT,EXPO FOR EXCELLENCE ELEMENTARY SCH,,,,,6,6,0,
01,0016,SPRING LAKE PARK PUBLIC SCHOOLS,SECONDARY LIGHTHOUSE,,,,,5,5,0,"7925 Able St Spring Lake Park, MN 55432-2071"
01,0625,ST. PAUL PUBLIC SCHOOL DISTRICT,AMERICAN INDIAN MAGNET SCHOOL,,,,,2,2,0,
01,0194,LAKEVILLE PUBLIC SCHOOL DISTRICT,EASTVIEW ELEMENTARY,,,,,1,1,0,"18060 Ipava Ave Lakeville, MN 55044-9134"
01,0011,ANOKA-HENNEPIN PUBLIC SCHOOL DIST.,MONROE ELEMENTARY,2,1,0,0,1,2,0,"901 Brookdale Dr N Brooklyn Park, MN 55444-2199"
01,0196,ROSEMOUNT-APPLE VALLEY-EAGAN,RED PINE ELEMENTARY,1,1,0,0,1,1,0,"530 Red Pine Ln Eagan, MN 55123-2182"
07,4112,ST PAUL CONSERVATORY PERFORMING ART,ST PAUL CONSERVATORY PERFORMING ART,57,56,55,63,64,51,-0.056362558,"16 W 5th Street Saint Paul, MN 55102"
07,4057,EL COLEGIO CHARTER SCHOOL,EL COLEGIO CHARTER SCHOOL,84,78,68,64,70,90,-0.115079499,"4137 Bloomington Ave Minneapolis, MN 55407-3332"
07,4170,HIAWATHA ACADEMIES,HIAWATHA LEADERSHIP ACAD-MORRIS PK,,,,,384,382,-0.520833333,"3810 E 56th St Minneapolis, MN 55417"
01,0286,BROOKLYN CENTER SCHOOL DISTRICT,EARLE BROWN ELEMENTARY,79,74,90,84,62,84,-0.833479322,"1500 59th Ave N Brooklyn Center, MN 55430"
07,4098,NOVA CLASSICAL ACADEMY,NOVA CLASSICAL ACADEMY,77,66,79,83,74,67,-0.861808395,"1455 Victoria Way Saint Paul, MN 55102-3535"
01,0283,ST. LOUIS PARK PUBLIC SCHOOL DIST.,ST. LOUIS PARK MIDDLE SCHOOL,,81,78,67,68,83,-0.880284757,"2025 Texas Ave S Saint Louis Park, MN 55426-2518"
01,0283,ST. LOUIS PARK PUBLIC SCHOOL DIST.,ST. LOUIS PARK SENIOR HIGH,176,201,173,162,175,179,-1.127150963,"6425 W 33rd St Saint Louis Park, MN 55426-3498"
62,6069,WEST METRO EDUCATION PROGRAM,FAIR SCHOOL DOWNTOWN,207,220,231,212,196,207,-1.227744095,"10 S 10th St Minneapolis, MN 55403-2033"
01,0271,BLOOMINGTON PUBLIC SCHOOL DISTRICT,RIDGEVIEW ELEMENTARY,15,21,17,16,18,15,-1.483392451,"9400 Nesbitt Rd Bloomington, MN 55438-1998"
07,4186,GLOBAL ACADEMY,GLOBAL ACADEMY,129,143,151,140,134,120,-1.790225081,"4065 Central Ave NE Columbia Heights, MN 55421-2917"
01,0273,EDINA PUBLIC SCHOOL DISTRICT,CONCORD ELEMENTARY,56,38,30,42,38,46,-1.831812383,"5900 Concord Ave S Edina, MN 55424"
01,0196,ROSEMOUNT-APPLE VALLEY-EAGAN,EASTVIEW SENIOR HIGH,4,4,1,2,4,3,-2.10681334,"6200 140th St W Apple Valley, MN 55124-6912"
01,0625,ST. PAUL PUBLIC SCHOOL DISTRICT,HUMBOLDT SECONDARY SCHOOL,3,3,3,0,3,5,-2.391145948,
01,0281,ROBBINSDALE PUBLIC SCHOOL DISTRICT,ROBBINSDALE TRANSITION CENTER,3,10,3,5,2,6,-2.404204994,"2400 Sandburg Lane Golden Valley, MN 55427"
01,0625,ST. PAUL PUBLIC SCHOOL DISTRICT,CHELSEA HEIGHTS ELEMENTARY,4,6,4,11,5,3,-2.743864718,
01,0280,RICHFIELD PUBLIC SCHOOL DISTRICT,RICHFIELD SENIOR HIGH,156,143,147,150,145,124,-3.055218578,
01,0281,ROBBINSDALE PUBLIC SCHOOL DISTRICT,LAKEVIEW ELEMENTARY,57,56,46,45,48,50,-3.203486254,"4110 Lake Dr N Robbinsdale, MN 55422"
01,0279,OSSEO PUBLIC SCHOOL DISTRICT,PARK BROOK ELEMENTARY,6,5,7,3,6,5,-3.403423463,"7400 Hampshire Ave N Brooklyn Park, MN 55428-1499"
01,0271,BLOOMINGTON PUBLIC SCHOOL DISTRICT,OLSON ELEMENTARY,4,2,3,3,4,2,-3.883425194,"4501 W 102nd St Bloomington, MN 55437-2697"
07,4115,MINNEAPOLIS ACADEMY CHARTER SCHOOL,MINNEAPOLIS ACADEMY CHARTER SCHOOL,125,109,126,118,106,97,-3.968637528,"5011 31st Ave S Minneapolis, MN 55417-4000"
01,0273,EDINA PUBLIC SCHOOL DISTRICT,CORNELIA ELEMENTARY,40,33,35,29,26,36,-4.003615215,"7000 Cornelia Dr Edina, MN 55435"
01,0279,OSSEO PUBLIC SCHOOL DISTRICT,OSSEO SENIOR HIGH,15,12,8,9,14,10,-4.050237796,"317 2nd Ave NW Osseo, MN 55369-1000"
07,4017,MINNESOTA TRANSITIONS CHARTER SCH,MTS PEASE ACADEMY,11,10,9,10,8,9,-4.379555278,
07,4067,AURORA CHARTER SCHOOL,AURORA CHARTER SCHOOL,265,179,145,162,178,188,-4.529588524,"2101 E 26TH ST Minneapolis, MN 55404-4102"
01,0270,HOPKINS PUBLIC SCHOOL DISTRICT,L.H. TANGLEN ELEMENTARY,53,56,44,36,39,48,-4.962617038,"10901 Hillside Ln Minnetonka, MN 55305-2577"
01,0273,EDINA PUBLIC SCHOOL DISTRICT,SOUTH VIEW MIDDLE,115,117,105,88,101,90,-5.130550893,"4725 S View Ln Edina, MN 55424"
01,0279,OSSEO PUBLIC SCHOOL DISTRICT,EDINBROOK ELEMENTARY,7,7,11,9,7,5,-5.237925124,"8925 Zane Ave N Brooklyn Park, MN 55443-1631"
01,0273,EDINA PUBLIC SCHOOL DISTRICT,HIGHLANDS ELEMENTARY,17,18,16,13,14,14,-5.371393702,"5505 Doncaster Way Edina, MN 55436"
01,0279,OSSEO PUBLIC SCHOOL DISTRICT,OSSEO JUNIOR HIGH,8,3,3,0,4,9,-5.41700252,"10223 93rd Ave N Osseo, MN 55369-4197"
07,4086,WOODSON INSTITUTE FOR EXCELLENCE CH,WOODSON INSTITUTE FOR EXCELLENCE CH,268,208,185,216,180,183,-6.055540572,"300 Industrial Blvd. NE Minneapolis, MN 55413"
01,0282,ST. ANTHONY-NEW BRIGHTON SCHOOLS,ST. ANTHONY MIDDLE,131,125,108,109,100,95,-6.271340206,"3303 33rd Ave NE Saint Anthony, MN 55418-9971"
07,4017,MINNESOTA TRANSITIONS CHARTER SCH,MTS HIGH SCHOOL,220,172,185,159,158,150,-6.416627573,"2872 26th Avenue S. Minneapolis, MN 55406-1310"
01,0276,MINNETONKA PUBLIC SCHOOL DISTRICT,MINNETONKA SENIOR HIGH,11,13,10,11,8,9,-6.532747329,"18301 Hwy 7 Minnetonka, MN 55345-4114"
07,4122,EAGLE RIDGE ACADEMY CHARTER SCHOOL,EAGLE RIDGE ACADEMY LOWER SCHOOL,,13,20,17,14,11,-6.674640711,
01,0625,ST. PAUL PUBLIC SCHOOL DISTRICT,OPEN WORLD LEARNING SECONDARY,,,2,2,1,2,-6.696700846,
01,0625,ST. PAUL PUBLIC SCHOOL DISTRICT,JOHN A.JOHNSON ACHIEVEMENT PLUS EL.,,,1,2,1,1,-6.696700846,
01,0197,WEST ST. PAUL-MENDOTA HTS.-EAGAN,HENRY SIBLEY HIGH SCHOOL,,,20,17,20,15,-6.765534279,"1897 Delaware Ave West Saint Paul, MN 55118-4338"
01,0196,ROSEMOUNT-APPLE VALLEY-EAGAN,DEERWOOD ELEMENTARY,2,5,3,4,2,2,-6.790423535,"1480 Deerwood Dr Eagan, MN 55122-1831"
01,0284,WAYZATA PUBLIC SCHOOL DISTRICT,WAYZATA HIGH,88,70,80,74,64,57,-6.942193174,"4955 Peony Ln N Plymouth, MN 55446-1606"
01,0279,OSSEO PUBLIC SCHOOL DISTRICT,MAPLE GROVE SENIOR HIGH,4,2,0,2,3,1,-7.475392405,"9800 Fernbrook Ln Maple Grove, MN 55369-9747"
01,0279,OSSEO PUBLIC SCHOOL DISTRICT,BROOKLYN JUNIOR HIGH,19,14,9,16,13,10,-7.836549428,"7377 Noble Ave N Brooklyn Park, MN 55443-3396"
07,4027,HIGHER GROUND ACADEMY,HIGHER GROUND ACADEMY,204,203,187,177,150,139,-7.901493974,"1381 Marshall Ave Saint Paul, MN 55104"
01,0196,ROSEMOUNT-APPLE VALLEY-EAGAN,VALLEY MIDDLE,,,2,1,3,1,-9.342627726,"900 Garden View Dr Apple Valley, MN 55124-7113"
01,0625,ST. PAUL PUBLIC SCHOOL DISTRICT,HOME/HOSPITAL INSTRUCTION,2,1,0,0,1,1,-9.427633574,
01,0621,MOUNDS VIEW PUBLIC SCHOOL DISTRICT,MOUNDS VIEW ALC,4,1,2,2,1,2,-9.427633574,"2574 County Rd 10 Mounds View, MN 55112"
07,4092,WATERSHED HIGH SCHOOL,WATERSHED HIGH SCHOOL,65,78,67,67,56,39,-9.64078025,"6541 16th Ave So Richfield, MN 55423"
01,0276,MINNETONKA PUBLIC SCHOOL DISTRICT,MINNETONKA WEST MIDDLE,,,1,3,1,1,-10.40415402,"6421 Hazeltine Blvd Excelsior, MN 55331-8028"
01,0621,MOUNDS VIEW PUBLIC SCHOOL DISTRICT,VALENTINE HILLS EL.,6,4,6,9,6,2,-10.47083458,"1770 County Rd E2 W Arden Hills, MN 55112-2897"
01,0281,ROBBINSDALE PUBLIC SCHOOL DISTRICT,MEADOW LAKE ELEMENTARY,4,5,2,5,1,4,-10.5751954,"8525 62nd Ave N New Hope, MN 55428"
01,0284,WAYZATA PUBLIC SCHOOL DISTRICT,WAYZATA WEST MIDDLE,11,11,8,6,9,6,-10.59652749,"149 Barry Ave N Wayzata, MN 55391-1021"
01,0625,ST. PAUL PUBLIC SCHOOL DISTRICT,LEAP HIGH SCHOOL,6,3,1,2,2,3,-10.7716144,
01,0283,ST. LOUIS PARK PUBLIC SCHOOL DIST.,SUSAN LINDGREN ELEMENTARY,38,53,38,43,33,22,-10.87728381,"4801 W 41st St Saint Louis Park, MN 55416-3245"
01,0272,EDEN PRAIRIE PUBLIC SCHOOL DISTRICT,OAK POINT INTERMEDIATE ELEMENTARY.,11,10,10,1,7,9,-11.75273885,"13400 Staring Lake Pkwy Eden Prairie, MN 55347-1800"
01,0270,HOPKINS PUBLIC SCHOOL DISTRICT,HOPKINS WEST JUNIOR HIGH,54,56,57,42,34,31,-12.25902031,"3830 Baker Rd Minnetonka, MN 55305-4900"
01,0283,ST. LOUIS PARK PUBLIC SCHOOL DIST.,AQUILA ELEMENTARY,19,5,5,7,5,7,-12.45642208,"8500 W 31st St Saint Louis Park, MN 55426-3596"
01,0625,ST. PAUL PUBLIC SCHOOL DISTRICT,ST. ANTHONY PARK ELEMENTARY,22,21,22,21,15,10,-13.30780996,
01,0271,BLOOMINGTON PUBLIC SCHOOL DISTRICT,POPLAR BRIDGE ELEMENTARY,7,9,8,8,4,4,-13.88214465,"8401 Palmer Rd Bloomington, MN 55437-1389"
01,0279,OSSEO PUBLIC SCHOOL DISTRICT,BIRCH GROVE SCHOOL FOR THE ARTS,18,12,6,10,11,6,-13.91265046,"4690 Brookdale Dr N Brooklyn Park, MN 55443-2699"
07,4103,HMONG COLLEGE PREP ACADEMY,HMONG COLLEGE PREP ACADEMY HS,89,88,62,51,48,43,-14.90945085,"1515 Brewster St Saint Paul, MN 55108"
01,0271,BLOOMINGTON PUBLIC SCHOOL DISTRICT,NORMANDALE HILLS ELEMENTARY,2,4,4,3,2,1,-15.35068157,"9501 Toledo Ave S Bloomington, MN 55437-3799"
07,4039,HIGH SCHOOL FOR RECORDING ARTS,HIGH SCHOOL FOR RECORDING ARTS,78,50,45,25,44,28,-15.97945304,"1166 University Ave Saint Paul, MN 55104"
01,0271,BLOOMINGTON PUBLIC SCHOOL DISTRICT,HILLCREST ELEMENTARY,2,2,2,1,1,1,-16.32566166,"9301 Thomas Rd Bloomington, MN 55431-2471"
01,0279,OSSEO PUBLIC SCHOOL DISTRICT,WEAVER LAKE SCIENCE MATH & TECH SCH,2,2,2,1,1,1,-16.32566166,"15900 Weaver Lake Rd Maple Grove, MN 55311-1431"
01,0625,ST. PAUL PUBLIC SCHOOL DISTRICT,RAMSEY MIDDLE SCHOOL,,,,,6,5,-16.66666667,
01,0196,ROSEMOUNT-APPLE VALLEY-EAGAN,ROSEMOUNT SENIOR HIGH,2,2,3,1,1,1,-17.28941206,"3335 142nd St W Rosemount, MN 55068-4029"
01,0271,BLOOMINGTON PUBLIC SCHOOL DISTRICT,WESTWOOD ELEMENTARY,5,3,4,2,6,1,-17.32982513,"3701 W 108th St Bloomington, MN 55431-3695"
01,0284,WAYZATA PUBLIC SCHOOL DISTRICT,OAKWOOD ELEMENTARY,9,6,6,6,4,3,-17.44444826,"17340 County Rd 6 Plymouth, MN 55447-3045"
01,0197,WEST ST. PAUL-MENDOTA HTS.-EAGAN,PILOT KNOB STEM MAGNET SCHOOL,,,,3,1,2,-18.35034191,"1436 Lone Oak Rd Eagan, MN 55121-1199"
07,4032,HARVEST PREPARATORY SCHOOL,HARVEST PREPARATORY SCHOOL,,,,,334,272,-18.56287425,"1300 Olson Memorial Hwy Minneapolis, MN 55411-3968"
01,0625,ST. PAUL PUBLIC SCHOOL DISTRICT,JOHNSON SENIOR HIGH,6,4,5,7,2,2,-18.67719754,
01,0282,ST. ANTHONY-NEW BRIGHTON SCHOOLS,WILSHIRE PARK ELEMENTARY,126,126,97,75,63,45,-19.25307688,"3600 Highcrest Rd NE Saint Anthony, MN 55418-9971"
07,4017,MINNESOTA TRANSITIONS CHARTER SCH,VIRTUAL HIGH SCHOOL,81,77,37,23,25,38,-19.59785701,
01,0270,HOPKINS PUBLIC SCHOOL DISTRICT,EISENHOWER ELEMENTARY,25,25,33,39,9,9,-20.44704706,"1001 Hwy 7 Hopkins, MN 55305-4723"
01,0625,ST. PAUL PUBLIC SCHOOL DISTRICT,HAZEL PARK PREPARATORY ACADEMY,,,3,6,2,2,-20.66579085,
01,0284,WAYZATA PUBLIC SCHOOL DISTRICT,WAYZATA CENTRAL MIDDLE,16,16,10,7,6,6,-20.89390472,"305 Vicksburg Ln N Plymouth, MN 55447-3999"
01,0621,MOUNDS VIEW PUBLIC SCHOOL DISTRICT,TURTLE LAKE EL.,2,5,3,2,1,1,-22.00750362,"1141 Lepak Ct Shoreview, MN 55126-5698"
01,0286,BROOKLYN CENTER SCHOOL DISTRICT,INSIGHT SCHOOL OF MINNESOTA,25,33,14,9,6,12,-23.17175172,"6120 Earle Brown Drive Ste #200 Brooklyn Center, MN 55430"
07,4068,EXCELL ACADEMY CHARTER,EXCELL ACADEMY CHARTER,253,32,43,38,36,37,-23.51495352,"6510 Zane Ave N Ste 107 Brooklyn Park, MN 55429-1559"
01,0016,SPRING LAKE PARK PUBLIC SCHOOLS,ELEMENTARY LIGHTHOUSE,,,,,8,6,-25,"7925 Able St Spring Lake Park, MN 55432-2071"
01,0284,WAYZATA PUBLIC SCHOOL DISTRICT,BIRCHVIEW ELEMENTARY,13,12,10,6,6,2,-28.92311051,"425 Ranchview Ln N Plymouth, MN 55447-3936"
01,0276,MINNETONKA PUBLIC SCHOOL DISTRICT,EXCELSIOR ELEMENTARY,,,,2,3,1,-29.28932188,"441 Oak St Excelsior, MN 55331-3096"
01,0011,ANOKA-HENNEPIN PUBLIC SCHOOL DIST.,EVERGREEN PARK ELEMENTARY,,,,4,3,2,-29.28932188,"7020 Dupont Ave N Brooklyn Center, MN 55430-1299"
01,0625,ST. PAUL PUBLIC SCHOOL DISTRICT,FARNSWORTH AEROSPACE LOWER,,,,2,1,1,-29.28932188,
01,0284,WAYZATA PUBLIC SCHOOL DISTRICT,WAYZATA EAST MIDDLE,43,30,28,22,15,6,-29.36550928,"12000 Ridgemount Ave W Plymouth, MN 55441-5802"
01,0011,ANOKA-HENNEPIN PUBLIC SCHOOL DIST.,CHAMPLIN PARK HIGH SCHOOL,,,,,10,7,-30,"6025 109th Ave N Champlin, MN 55316-3488"
01,0284,WAYZATA PUBLIC SCHOOL DISTRICT,GLEASON LAKE ELEMENTARY,15,14,9,8,5,2,-31.57703083,"310 County Road 101 N Plymouth, MN 55447-4108"
01,0196,ROSEMOUNT-APPLE VALLEY-EAGAN,DAKOTA HILLS MIDDLE,3,4,4,0,1,1,-31.69357813,"4183 Braddock Tr Eagan, MN 55123-1575"
01,0284,WAYZATA PUBLIC SCHOOL DISTRICT,SUNSET HILL ELEMENTARY,32,27,25,12,6,6,-32.2286711,"13005 Sunset Tr Plymouth, MN 55441-5607"
01,0011,ANOKA-HENNEPIN PUBLIC SCHOOL DIST.,BLAINE HIGH SCHOOL,,,,,2,1,-50,"12555 University Ave NE Blaine, MN 55434-2199"
01,0016,SPRING LAKE PARK PUBLIC SCHOOLS,WOODCREST EL. SPANISH IMMERSION,,,,,2,1,-50,"880 Osborne Rd NE Fridley, MN 55432-2833"
01,0625,ST. PAUL PUBLIC SCHOOL DISTRICT,PARKWAY MONTESSORI/COMMUNITY MIDDLE,,,,,3,1,-66.66666667,
01,0194,LAKEVILLE PUBLIC SCHOOL DISTRICT,LINK12 LAKEVILLE,,,,,44,1,-97.72727273,"8670 210th Street W Lakeville, MN 55044"
